Zip Code,Neighborhood
11201,"Brooklyn Heights, DUMBO"
11203,"East Flatbush, Erasmus"
11204,"Bensonhurst, Mapleton"
11205,"Fort Greene, Clinton Hill"
11206,"Williamsburg, Bushwick"
11207,"East New York, Cypress Hills"
11208,"Cypress Hills, East New York"
11209,Bay Ridge
11210,"Flatbush, Midwood"
11211,Williamsburg
11212,Brownsville
11213,Crown Heights
11214,"Bensonhurst, Bath Beach"
11215,"Park Slope, Gowanus"
11216,"Bedford-Stuyvesant, Crown Heights"
11217,"Park Slope, Boerum Hill"
11218,"Windsor Terrace, Kensington"
11219,Borough Park
11220,"Sunset Park, Greenwood"
11221,"Bedford-Stuyvesant, Bushwick"
11222,Greenpoint
11223,"Gravesend, Homecrest"
11224,Coney Island
11225,"Prospect Lefferts Gardens, Wingate"
11226,Flatbush
11228,Dyker Heights
11229,"Sheepshead Bay, Madison"
11230,Midwood
11231,"Carroll Gardens, Red Hook"
11232,"Sunset Park, Industry City"
11233,"Bedford-Stuyvesant, Ocean Hill"
11234,"Marine Park, Mill Basin"
11235,"Brighton Beach, Manhattan Beach"
11236,"Canarsie, Bergen Beach"
11238,"Prospect Heights, Clinton Hill"
11239,Starrett City